{
    "~": {
        "~": "Rang:Leader",
        "Kuerzel": "~",
        "Max": 12
    },
    "YouTube": {
        "SoEinEmil": "Rang:Leader",
        "Kuerzel": "YT",
        "Max": 12
    },
    "AfDDE": {
        "Fludixx": "Rang:Leader",
        "Kuerzel": "AfD",
        "Max": 12,
        "GrieferMine": "Rang:Leader"
    },
    "InViZz": {
        "MZLP": "Rang:Mod",
        "Kuerzel": "INVZ",
        "Max": 12,
        "zAbgem1cht": "Rang:Leader"
    },
    "DupeGames": {
        "SeePirat1604": "Rang:Leader",
        "Kuerzel": "DG",
        "Max": 12
    },
    "$Mafia": {
        "xXErenxX0303": "Rang:Leader",
        "Kuerzel": "MF4",
        "Max": 12
    },
    "KardoffelCrew": {
        "yGZUZx": "Rang:Leader",
        "Kuerzel": "KCrew",
        "Max": 12
    },
    "yisumaru": {
        "yisunaCW": "Rang:Leader",
        "Kuerzel": "yisu",
        "Max": 12
    }
}