{
    "SoEinEmil": {
        "Clan": "YouTube",
        "Rang": "Leader"
    },
    "KardofelPoishii": {
        "Clan": "~",
        "Rang": "~",
        "Invites": [
            "KardoffelCrew"
        ]
    },
    "Rustictuber3142": {
        "Clan": "~",
        "Rang": "~",
        "Invites": []
    },
    "yGZUZx": {
        "Clan": "KardoffelCrew",
        "Rang": "Leader"
    },
    "SphinxLoost": {
        "Clan": "~",
        "Rang": "~",
        "Invites": []
    },
    "Mastercoding": {
        "Clan": "KardoffelCrew",
        "Rang": "Leader"
    },
    "GrieferMine": {
        "Clan": "AfDDE",
        "Rang": "Leader"
    },
    "Fludixx": {
        "Clan": "AfDDE",
        "Rang": "Leader"
    },
    "MZLP": {
        "Clan": "InViZz",
        "Rang": "Mod"
    },
    "CuzImKex": {
        "Clan": "~",
        "Rang": "~",
        "Invites": []
    },
    "SeePirat1604": {
        "Clan": "DupeGames",
        "Rang": "Leader"
    },
    "leqitKompetenz": {
        "Clan": "~",
        "Rang": "~",
        "Invites": []
    },
    "zAbgem1cht": {
        "Clan": "InViZz",
        "Rang": "Leader"
    },
    "xXErenxX0303": {
        "Clan": "$Mafia",
        "Rang": "Leader"
    },
    "MrJanNO": {
        "Clan": "~",
        "Rang": "~",
        "Invites": []
    },
    "yGZUZxRang": "Member",
    "zAbgem1chtRang": "Member",
    "HiIchBinFlo1": {
        "Clan": "~",
        "Rang": "~",
        "Invites": []
    },
    "GrieferMineRang": "Member",
    "ReQxYIQ": {
        "Clan": "~",
        "Rang": "~",
        "Invites": []
    },
    "yisunaCW": {
        "Clan": "yisumaru",
        "Rang": "Leader"
    },
    "XxxDanielProxxX": {
        "Clan": "~",
        "Rang": "~",
        "Invites": []
    },
    "JonnyBlazeYT": {
        "Clan": "~",
        "Rang": "~",
        "Invites": []
    },
    "MrsNiceWieEis": {
        "Clan": "~",
        "Rang": "~",
        "Invites": []
    }
}